Sequence ID,Primer Rank,Primer Left Seq,Primer Right Seq,Primer Left Len,Primer Right Len,Primer Left TM,Primer Right TM,Primer Left GC %,Primer Right GC %,Product Len,Product GC%,Chromosome,Position1,Position2,NucsBeforeBP,NucsAfterBP,FwdPrimPos,RvsPrimPos
sample1_gene1_1:15000000-16000000__,0,ATAACCATGCCTACAACCCACA,GAGGCTGAAGTGGGAGGATTAC,22,22,59.69,60.159,45.455,54.545,357,50.700280112044815,1,14999805,16000162,195,162,14999805-14999827,16000140-16000162
sample2_gene2_2:30000000-30500000__,0,CCCAATCTACCATCAACTAGCTCT,TTTGGATTGTTCTGTGCACGTC,24,22,59.653999999999996,59.967,45.833,45.455,233,48.497854077253216,2,29999848,30500081,152,81,29999848-29999872,30500059-30500081
sample3_gene3_3:45000000-45500000__,0,AAACAAGCCACAGGAGGTCTTT,TCCTAGGTTCCTGTGATTCTCC,22,22,60.358000000000004,58.623999999999995,45.455,50.0,210,43.333333333333336,3,44999899,45500109,101,109,44999899-44999921,45500087-45500109
