Sequence ID,Primer Rank,Primer Left Seq,Primer Right Seq,Primer Left Len,Primer Right Len,Primer Left TM,Primer Right TM,Primer Left GC %,Primer Right GC %,Chromosome,Position1,Position2,PCR_Prod_Len,Product GC%,FwdPrimerPos,RvsPrimerPos
sample1_gene1_1:15000000__,1,TGCATGATGTGAAGGCAGTTTG,TGTCAAAGTCACTCAGGCATCT,22,22,60.03,59.63,45.455,45.455,1,14999971,15000191,221bp,52.03619909502263,14999971-14999993,15000169-15000191
sample2_gene2_2:30000000__,1,CCCAATCTACCATCAACTAGCTCT,TCCTACTCCTGCCATAGAATCA,24,22,59.653999999999996,57.801,45.833,45.455,2,29999848,30000147,300bp,41.333333333333336,29999848-29999872,30000125-30000147
sample3_gene3_3:45000000__,0,TCTCTTAAACACACACGTCCCA,GGAAATGGCCTTCACTTTGCTT,22,22,59.568999999999996,59.961999999999996,45.455,45.455,3,44999870,45000167,298bp,45.302013422818796,44999870-44999892,45000145-45000167
