Chromosome,Position1,Position2,Sample_Pos,Sequence ID,PCR_Prod_Len,Forward,Reverse,Product GC%,ForwardPrimLen,ReversePrimLen
1,14999805,15000110,15000000,sample1_gene1_1:15000000__,306bp,ATAACCATGCCTACAACCCACA,TGATGGATCCAACAACACGTCT,49.01960784313725,22,22
1,14999971,15000191,15000000,sample1_gene1_1:15000000__,221bp,TGCATGATGTGAAGGCAGTTTG,TGTCAAAGTCACTCAGGCATCT,52.03619909502263,22,22
1,14999943,15000194,15000000,sample1_gene1_1:15000000__,252bp,GGAACAAGTGACTGCCTGAAGA,TTCTGTCAAAGTCACTCAGGCA,51.98412698412699,22,22
1,14999852,15000114,15000000,sample1_gene1_1:15000000__,263bp,GTGGTTTCAAAGTGGCCCATTG,CAGCTGATGGATCCAACAACAC,49.049429657794676,22,22
1,14999846,15000100,15000000,sample1_gene1_1:15000000__,255bp,CAGGTGGTGGTTTCAAAGTGG,AACAACACGTCTTCCTTCTCCA,49.01960784313725,21,22
2,29999973,30000198,30000000,sample2_gene2_2:30000000__,226bp,GCTGAGTATGTGCTTAGGGAGG,TGATGATTTCAAGAGACCCTGGT,35.39823008849557,22,23
2,29999848,30000147,30000000,sample2_gene2_2:30000000__,300bp,CCCAATCTACCATCAACTAGCTCT,TCCTACTCCTGCCATAGAATCA,41.333333333333336,24,22
3,44999870,45000167,45000000,sample3_gene3_3:45000000__,298bp,TCTCTTAAACACACACGTCCCA,GGAAATGGCCTTCACTTTGCTT,45.302013422818796,22,22
3,44999899,45000170,45000000,sample3_gene3_3:45000000__,272bp,AAACAAGCCACAGGAGGTCTTT,CACGGAAATGGCCTTCACTTTG,45.220588235294116,22,22
3,44999866,45000072,45000000,sample3_gene3_3:45000000__,207bp,TCCCTCTCTTAAACACACACGT,TCTGTGGGTAAAGCAGTAGTGT,42.99516908212561,22,22
3,44999903,45000198,45000000,sample3_gene3_3:45000000__,296bp,AAGCCACAGGAGGTCTTTATCA,TAAAGCCACATCCAATTCCAGG,45.608108108108105,22,22
3,44999860,45000070,45000000,sample3_gene3_3:45000000__,211bp,GTGCTTTCCCTCTCTTAAACACAC,TGTGGGTAAAGCAGTAGTGTTCT,43.127962085308056,24,23
