Sequence ID,Primer Rank,Primer Left Seq,Primer Right Seq,Primer Left Len,Primer Right Len,Primer Left TM,Primer Right TM,Primer Left GC %,Primer Right GC %,Chromosome,Position1,Position2,PCR_Prod_Len,Product GC%,FwdPrimerPos,RvsPrimerPos
sample1_gene1_1:15000000__,0,ATAACCATGCCTACAACCCACA,TGATGGATCCAACAACACGTCT,22,22,59.69,59.961999999999996,45.455,45.455,1,14999805,15000110,306bp,49.01960784313725,14999805-14999827,15000088-15000110
sample2_gene2_2:30000000__,0,GCTGAGTATGTGCTTAGGGAGG,TGATGATTTCAAGAGACCCTGGT,22,23,60.224,59.411,54.545,43.478,2,29999973,30000198,226bp,35.39823008849557,29999973-29999995,30000175-30000198
sample3_gene3_3:45000000__,0,TCTCTTAAACACACACGTCCCA,GGAAATGGCCTTCACTTTGCTT,22,22,59.568999999999996,59.961999999999996,45.455,45.455,3,44999870,45000167,298bp,45.302013422818796,44999870-44999892,45000145-45000167
